{
  "value": 57.2,
  "params": {
    "learning_rate": 0.0038842777547031426,
    "gamma": 0.9811025765286951,
    "net_arch": [128, 128],
    "n_steps": 2048,
    "batch_size": 256,
    "n_epochs": 13,
    "clip_range": 0.25419343599091215,
    "ent_coef": 0.0009444574254983562
  }
}