{
  "value": 48.0,
  "params": {
    "learning_rate": 2.284455685002053e-05,
    "gamma": 0.9855909148824274,
    "net_arch": "large",
    "batch_size": 64,
    "buffer_size": 100000,
    "target_update_interval": 697,
    "exploration_fraction": 0.3034282764658811,
    "exploration_final_eps": 0.18243763004595767
  }
}