{
  "value": 40.8,
  "params": {
    "learning_rate": 8.569331925053983e-05,
    "gamma": 0.9662266477691347,
    "net_arch": "large",
    "n_steps": 50,
    "ent_coef": 0.0017583640270008513,
    "vf_coef": 0.7938704619591049,
    "max_grad_norm": 0.6456569174550735
  }
}