{
  "value": 51.4,
  "params": {
    "learning_rate": 0.0003898034895288209,
    "gamma": 0.9544658648241585,
    "net_arch": [128, 128],
    "n_steps": 50,
    "ent_coef": 0.00014417404067605557,
    "vf_coef": 0.7164978529477865,
    "max_grad_norm": 0.5874150956628301
  }
}